﻿<?xml version="1.0" encoding="utf-8" ?>
<localizationDictionary culture="ar">
  <texts>
    <text name="HomePage">الرئيسية</text>
    <text name="AboutUs">من نحن</text>
    <text name="Administration">الإدارة</text>
    <text name="Roles">الأدوار</text>
    <text name="Users">المستخدمين</text>
    <text name="InvalidFormMessage">النموذج يحتوي على أخطاء - يرجى تصحيح الأخطاء و المحاولة مرة اخرى</text>
    <text name="InvalidUserNameOrPassword">اسم المستخدم أو كلمة المرور غير صحيحة</text>
    <text name="ThereIsNoTenantDefinedWithName{0}">لا يوجد عميل  باسم {0}</text>
    <text name="TenantIsNotActive">العميل {0} غير مغعّل</text>
    <text name="UserIsNotActiveAndCanNotLogin">العضو {0} غير مفعّل ولا يمكن تسجيل الدخول</text>
    <text name="PleaseEnterLoginInformation">الرجاء إدخال معلومات تسجيل الدخول</text>
    <text name="TenancyName">اسم العميل</text>
    <text name="UserNameOrEmail">اسم المستخدم أو البريد الإلكتروني</text>
    <text name="Password">كلمة المرور</text>
    <text name="RememberMe">تذكرنى</text>
    <text name="LogIn">تسجيل الدخول</text>
    <text name="ForgotPassword">هل نسيت كلمة المرور؟</text>
    <text name="DontYouHaveAnAccount">ليس لديك حساب؟</text>
    <text name="CreateAnAccount">إنشاء حساب</text>
    <text name="Pages">الصفحات</text>
    <text name="RoleName">اسم الدور</text>
    <text name="EditRole">تحرير الدور</text>
    <text name="CreateNewRole">إنشاء دور جديد</text>
    <text name="RoleProperties">خصائص الدور</text>
    <text name="Permissions">إذونات</text>
    <text name="Save">حـفظ</text>
    <text name="Cancel">إغلاق</text>
    <text name="RolesHeaderInfo">إستخدم الأدوار لإنشاء مجموعة إذونات</text>
    <text name="Static">مـثبّت</text>
    <text name="Actions">إجراءات</text>
    <text name="Delete">حـذف</text>
    <text name="SavedSuccessfully">تم الحفظ بنجاح.</text>
    <text name="AreYouSure">هل أنت متأكد؟</text>
    <text name="YesDelete">نعم إحذف</text>
    <text name="DeletingUser"> حذف المستخدم</text>
    <text name="UsersHeaderInfo">إدارة المستخدمين و الإذونات</text>
    <text name="CreateNewUser">إنشاء مستخدم جديد</text>
    <text name="UserName">اسم المستخدم</text>
    <text name="Name">الإسـم</text>
    <text name="Surname">الإسم الأخير</text>
    <text name="EmailAddress">البريد الإلكتروني</text>
    <text name="LastLoginTime">آخر تسجيل الدخول</text>
    <text name="EditUser">تحرير المستخدم</text>
    <text name="UserInformations">تفاصيل المستخدم</text>
    <text name="PasswordRepeat">أعد كلمة المرور</text>
    <text name="SuccessfullyDeleted">تم الحذف بنجاح</text>
    <text name="RoleDeleteWarningMessage">سيتم حذف الدور {0} و سوف يتم إزالة إذونات جميع المستخدمين المعيين بهذا الدور</text>
    <text name="UserDeleteWarningMessage">سيتم حذف المستخدم {0}.</text>
    <text name="Active">مفعّل</text>
    <text name="EmailConfirm"> تأكيد البريد الإلكتروني</text>
    <text name="Yes">نـعم</text>
    <text name="No">لا</text>
    <text name="MySettings">إعداداتي</text>
    <text name="Logout">تسجيل الخروج</text>
    <text name="Reset">مسح</text>
    <text name="ResetPermissionsTooltip"> هذا الزر سيقوم على الفور بمسح إذونات المستخدم. المستخدم سيملك الإذونات المرتبطة بالأدوار المعينة من قبل</text>
    <text name="ResetSuccessfully">تم المسح بنجاح</text>
    <text name="Tenants">عملاء</text>
    <text name="TenantsHeaderInfo">إدارة العملاء</text>
    <text name="CreateNewTenant">إنشاء عميل الجديد</text>
    <text name="TenancyCodeName">كود العميل</text>
    <text name="TenantName">اسم العميل</text>
    <text name="TenantDeleteWarningMessage">سيتم حذف العميل {0}</text>
    <text name="AdminEmailAddress">البريد الإلكتروني للمشرف</text>
    <text name="AdminPassword">كلمة مرور المشرف</text>
    <text name="AdminPasswordRepeat">إعادة كلمة مرور المشرف</text>
    <text name="EditTenant">تحرير العميل</text>
    <text name="ChangingPermissions">تغيير الإذونات</text>
    <text name="EditingUser"> تحرير المستخدم </text>
    <text name="CreatingNewUser"> إنشاء مستخدم جديد</text>
    <text name="Edit">تحرير</text>
    <text name="EditingTenant">تحرير العميل</text>
    <text name="CreatingNewTenant">إنشاء عميل الجديد</text>
    <text name="DeletingTenant">حذف العميل</text>
    <text name="EditingRole"> تحرير الدور</text>
    <text name="CreatingNewRole"> إنشاء دور جديد</text>
    <text name="DeletingRole"> حذف الدور</text>
    <text name="CreationTime">الإنشاء</text>
    <text name="SearchWithThreeDot">بـحث...</text>
    <text name="ResetSpecialPermissions">مسح الإذونات الخاصة</text>
    <text name="SavingWithThreeDot">حـفظ...</text>
    <text name="Settings">الإعدادات</text>
    <text name="SaveAll">إحفظ الكل</text>
    <text name="SettingsHeaderInfo">عرض وتغيير إعدادات النظام</text>
    <text name="EmailSmtp">البريد الإلكتروني</text>
    <text name="DefaultFromAddress">البريد الإلكتروني الافتراضي للمرسل</text>
    <text name="DefaultFromDisplayName">إسم العرض - للبريد الإلكتروني</text>
    <text name="SmtpHost">عنوان خادم البريد الإلكتروني - SMTP Host</text>
    <text name="SmtpPort">رقم المنفذ لخادم البريد الإلكتروني - SMTP Port</text>
    <text name="UseDefaultCredentials">استخدام معلومات الدخول الافتراضية</text>
    <text name="DomainName">اسم النطاق</text>
    <text name="UseSsl">إستخدم SSL</text>
    <text name="ThisWebSiteRootAddress">عنوان جذر الموقع</text>
    <text name="ThisWebSiteRootAddress_Hint">سيتم استخدامه عند بناء وصلات تلقائية لبعض المهام. مثل بناء الروابط لإعادة تعيين كلمة المرور. مثال: http://mydomain.com/ </text>
    <text name="General">عــام</text>
    <text name="SendPasswordResetLink_Information">سيتم إرسال رابط إعادة تعيين كلمة المرور إلى بريدك الإلكتروني. إذا لم يصلك البريد الإلكتروني في غضون بضع دقائق, الرجاء أعد المحاولة.</text>
    <text name="Send">إرسال</text>
    <text name="PasswordReset">إعادة تعيين كلمة المرور</text>
    <text name="InvalidUserNameOrEmailAddress">اسم المستخدم أو البريد الإلكتروني غير صحيح</text>
    <text name="PasswordResetEmail_Subject">إعادة تعيين كلمة المرور AbpZeroTemplate</text>
    <text name="PasswordResetEmail_Title">إعادة تعيين كلمة المرور AbpZeroTemplate</text>
    <text name="PasswordResetEmail_SubTitle">.تم إرسال هذا البريد الإلكتروني لك لإعادة تعيين كلمة المرور</text>
    <text name="PasswordResetEmail_ClickTheLinkBelowToResetYourPassword">يرجى الضغط على الرابط بالأسفل لإعادة تعيين كلمة المرور.</text>
    <text name="EmailActivation_Subject">AbpZeroTemplate تفعيل حساب</text>
    <text name="EmailActivation_Title">AbpZeroTemplate مرحبا بك في</text>
    <text name="EmailActivation_SubTitle">تم إرسال هذه الرساله لتأكيد بريدك الإلكتروني.</text>
    <text name="EmailActivation_ClickTheLinkBelowToVerifyYourEmail">يرجى الضغط على الرابط أدناه لتأكيد البريد الإلكتروني:</text>
    <text name="InvalidEmailAddress">البريدالالكتروني غير صحيح</text>
    <text name="InvalidPasswordResetCode">رمز إعادة تعيين كلمة المرور غير صحيح</text>
    <text name="InvalidPasswordResetCode_Detail">من فضلك تأكد من دخول هذه الصفحة بالضغط على الرابط المرسل إلى بريدك الإلكتروني.  إذا كان هذا لا يحل المشكلة، يمكنك محاولة إعادة تعيين كلمة المرور مره اخرى</text>
    <text name="PleaseEnterYourNewPassword">الرجاء إدخال كلمة المرور الجديدة</text>
    <text name="UserEmailIsNotConfirmedAndCanNotLogin">لم يتم تأكيد عنوان بريدك الإلكتروني. يرجى التحقق من بريدك الالكتروني والضغط على رابط تأكيد البريد الإلكتروني لتفعيل حسابك. إذا لم تستلم الرسالة إضغط على "تاكيد البريد الإلكتروني" لإرسال الطلب مره اخرى </text>
    <text name="LoginFailed">لم نتمكن من تسجيل الدخول!</text>
    <text name="InvalidEmailConfirmationCode">رمز تأكيد البريد الإلكتروني غير صحيح</text>
    <text name="InvalidEmailConfirmationCode_Detail">من فضلك تأكد من دخول هذه الصفحة بالضغط على الرابط المرسل إلى بريدك الإلكتروني. إذا كان هذا لا يحل المشكلة، يمكنك محاولة إعادة إرسال رمز التأكيد من جديد.</text>
    <text name="YourEmailIsConfirmedMessage">تم تأكيد بريدك الإلكتروني بنجاح</text>
    <text name="ShouldChangePasswordOnNextLogin">يجب تغيير كلمة المرور عند تسجيل الدخول المقبل.</text>
    <text name="SetRandomPassword">تعيين كلمة مرور عشوائية.</text>
    <text name="EmailActivation">تفعيل البريد الإلكتروني</text>
    <text name="SendEmailActivationLink_Information">سيتم إرسال رابط تأكيد بريدك الإلكتروني. إذا لم يصلك البريد الإلكتروني في غضون بضع دقائق, الرجاء أعد المحاولة.</text>
    <text name="SendActivationEmail">إرسال رسالة تفعيل البريد الإلكتروني.</text>
    <text name="ChangePassword">تغيير كلمة المرور</text>
    <text name="CurrentPassword">كلمة المرور الحالية</text>
    <text name="NewPassword">كلمة المرور الجديدة</text>
    <text name="NewPasswordRepeat">إعادة كلمة المرور الجديدة</text>
    <text name="YourPasswordHasChangedSuccessfully">تم تغيير كلمة المرور بنجاح</text>
    <text name="SelfUserRegistrationIsDisabledMessage">لا يمكنك الإشتراك بالنظام</text>
    <text name="SelfUserRegistrationIsDisabledMessage_Detail">تم تعطيل إشتراك المستخدم الذاتي يرجى الاتصال بمسؤول النظام للإشتراك.</text>
    <text name="SuccessfullyRegistered">تم الإشتراك بنجاح</text>
    <text name="ConfirmationMailSentPleaseClickLinkInTheEmail">تم إرسال تأكيد البريد الإلكتروني إلى  {0} الرجاء الضغط على الرابط في الرسالة لتأكيد بريدك الإلكتروني</text>
    <text name="YourAccountIsWaitingToBeActivatedByAdmin">حسابك بإنتظار أن يتم تفعيله من قبل مشرف النظام.</text>
    <text name="NameSurname">الإسم</text>
    <text name="UserManagement">إدارة المستخدمين</text>
    <text name="AllowUsersToRegisterThemselves">السماح للمستخدمين بالإشتراك الذاتي على النظام.</text>
    <text name="AllowUsersToRegisterThemselves_Hint">إذا قمت بتعطيل هذه الخاصية, لا يمكن إضافة المستخدمين إلا من قبل المشرف باستخدام صفحة إدارة المستخدمين</text>
    <text name="NewRegisteredUsersIsActiveByDefault">المستخدمين الجدد المسجلين هم مغعّلين افتراضيا</text>
    <text name="NewRegisteredUsersIsActiveByDefault_Hint">إذا قمت بتعطيل هذه الخاصية, المستخدمين الجدد غير مغعّلين (لن يتمكنوا من تسجيل الدخول) حتى يقوم المشرف بتفعيل الحساب يدويا</text>
    <text name="Default">افتراضي</text>
    <text name="DefaultRole_Description">تعيين للمستخدمين الجدد كإفتراضي</text>
    <text name="StaticRole_Tooltip">لا يمكن حذف أدوار ثابتة.</text>
    <text name="EmailConfirmationRequiredForLogin">مطلوب تأكيد البريد الإلكتروني لتسجيل الدخول </text>
    <text name="{0}UserCannotBeDeleted">لا يمكن حذف المستخدم {0}.</text>
    <text name="TenantNameCanNotBeEmpty">اسم العميل لا يمكن أن يكون فارغا</text>
    <text name="ExportToExcel">تصدير إلى إكسل - Excel</text>
    <text name="ChangeProfilePicture">تغيير الصورة الشخصية</text>
    <text name="TenantName_Regex_Description">يجب أن يكون اسم العميل على الأقل حرفين ويبدأ بحرف ومن ثم : حرف أو رقم أو شرطه أو شرطه سفلية.</text>
    <text name="ProfilePicture_Change_Info">يمكنك إختيار ملف JPG/JPEG/PNG وبحد أقصى للحجم 1024 كيلوبايت  </text>
    <text name="ProfilePicture_Change_Error">تعذّر تغيير صورة ملفك الشخصي</text>
    <text name="ProfilePicture_Warn_SizeLimit">يجب أن يكون حجم الصورة أصغر من 1024 كيلوبايت يرجى تحديد ملف آخر</text>
    <text name="ProfilePicture_Warn_FileType">  يرجى تحديد ملف آخر  JPG / JPEG  يمكنك فقط اختيار ملف</text>
    <text name="Dashboard">لوحة القيادة</text>
    <text name="DashboardHeaderInfo">الإحصاءات والتقارير</text>
    <text name="GoToApplication">الى النظام</text>
    <text name="TenantInformations">معلومات العميل</text>
    <text name="PersonalInformations">معلومات شخصية</text>
    <text name="AccountSettings">إعدادات الحساب</text>
    <text name="Captha_Hint">الرجاء إدخال الرمز الذي يظهر في الصورة أدناه</text>
    <text name="Back">العودة</text>
    <text name="Submit">أرسل</text>
    <text name="SignUp">إشترك</text>
    <text name="CaptchaCanNotBeEmpty">الرمز لا يمكن أن يكون فارغا.</text>
    <text name="IncorrectCaptchaAnswer">الرمز غير صحيح.</text>
    <text name="FormIsNotValidMessage">النموذج يحتوي على أخطاء. يرجى مراجعة وتصحيح الأخطاء</text>
    <text name="CanNotChangeAdminUserName">لا يمكن تغيير اسم مستخدم المشرف</text>
    <text name="Error">خطأ</text>
    <text name="OopsYouAreLost">عذرا! هل أنت ضال</text>
    <text name="WeCanNotFindThePage">لم نتمكن من العثور على الصفحة التي تبحث عنها.</text>
    <text name="DashboardDemo_Note_Title">مرحبا بكم في موقع البداية : أي أس بي نت - زيرو</text>
    <text name="DashboardDemo_Note_Info">في هذا العرض يمكن استخدام القائمة لإختبار صفحات تعمل بالكامل.  صفحة لوحة القيادة هذه هي فقط لأغراض العرض والنصوص والتواريخ لا معنى لها. تقريبا جميع المعلومات هي معلومات ثابتة باستثناء الرسوم البيانية لنشاط الأعضاء.  عند الضغط على زر التحديث سيتم طلب المعلومات من الخادم الذي يولّد بيانات عشوائية للرسم البياني.</text>
    <text name="WelcomePage_Title">أهلا بك!</text>
    <text name="WelcomePage_Info">مرحبا بك بالنظام. يمكنك استخدام القائمة لبدء استخدام النظام. إذا كنت لا ترى أي عنصر بالقائمة ربما لم يكن لديك إذونات. يرجى مراجعة مشرف النظام للحصول على إذونات بالنظام.</text>
    <text name="RequestedFileDoesNotExists">لم نعثر على الملف المطلوب</text>
    <text name="MailSent">تم إرسال البريد</text>
    <text name="PasswordResetMailSentMessage">رابط إعادة تعيين كلمة المرور تم إرساله إلى بريدك الإلكتروني. يرجى التحقق من رسائل بريدك الإلكتروني  </text>
    <text name="ActivationMailSentMessage">رابط  تأكيد البريد الإلكتروني تم إرساله إلى بريدك الإلكتروني.  يرجى التحقق من رسائل بريدك الإلكتروني  </text>
    <text name="UseCaptchaOnRegistration">استخدام صورة الأمان (captcha) عند الإشتراك.</text>
    <text name="FormBasedRegistration">نوعية الإشتراك (form)</text>
    <text name="LdapSettings">إعدادات LDAP</text>
    <text name="EnableLdapAuthentication">تمكين مصادقة LDAP</text>
    <text name="OtherSettings">إعدادات اخرى</text>
    <text name="AuditLogs">سجلات التدقيق</text>
    <text name="Success">نجاح</text>
    <text name="Time">وقت</text>
    <text name="Service">خدمة</text>
    <text name="Action">إجراء</text>
    <text name="Duration">المدة</text>
    <text name="IpAddress">عنوان IP</text>
    <text name="Client">زائر</text>
    <text name="Browser">المتصفح</text>
    <text name="Xms">{0} جزء ث.</text>
    <text name="Close">إغلاق</text>
    <text name="Refresh">تحديث</text>
    <text name="ErrorState">حالة خطأ</text>
    <text name="All">الجميع</text>
    <text name="HasError">يوجد خطأ</text>
    <text name="ShowAdvancedFilters">إظهار الفلاتر المتقدمة</text>
    <text name="HideAdvancedFilters">إخفاء الفلاتر المتقدمة</text>
    <text name="AuditLogDetail">تفاصيل سجل التدقيق</text>
    <text name="Parameters">المعلمات</text>
    <text name="DateRange">نطاق التاريخ</text>
    <text name="ActionInformations">معلومات العمل</text>
    <text name="Today">اليوم</text>
    <text name="Yesterday">اليوم السابق</text>
    <text name="Last7Days">اخر 7 ايام</text>
    <text name="Last30Days">اخر 30 يوم</text>
    <text name="ThisMonth">هذا الشهر</text>
    <text name="LastMonth">الشهر الماضي</text>
    <text name="TenantSelection">اختيار العميل</text>
    <text name="TenantSelection_Detail">الرجاء اختيار واحد من العملاء</text>
    <text name="LoginWith">تسجيل الدخول مع:</text>
    <text name="PasswordChangeDontRememberMessage">إذا كنت لا تتذكر كلمة المرور {0}.</text>
    <text name="ClickHere">إضغط هنا</text>
    <text name="Apply">تطبيق</text>
    <text name="CustomRange">مدى مخصص</text>
    <text name="DashboardNoteForMpaVersion">
      <![CDATA[
      راجع الموقع التجريبي ذو الصفحات المتعددة <strong>ASP.NET MVC</strong> مع <strong>jQuery</strong>.
      ]]>
    </text>
    <text name="DashboardNoteForSpaVersion">
      <![CDATA[
      ملاحظة: يوجد أيضا  <strong>موقع تجريبي بصفحة واحدة</strong> مطوّر بإستخدام ASP.NET MVC مع <strong>AngularJs</strong>.
      ]]>
    </text>
    <text name="SeeDemo">مشاهدة الموقع التجريبي</text>
    <text name="Edition">نسخة</text>
    <text name="Editions">النسخات</text>
    <text name="EditionsHeaderInfo">إدارة النسخات ومميزات النظام</text>
    <text name="CreateNewEdition">إنشاء نسخة جديدة</text>
    <text name="EditEdition">تحرير نسخة</text>
    <text name="EditionProperties">خصائص النسخة</text>
    <text name="EditionName">اسم النسخة</text>
    <text name="Features">مميزات</text>
    <text name="EditionDeleteWarningMessage">سيتم حذف {0} وسحبها من جميع العملاء</text>
    <text name="CreatingNewEdition">إنشاء نسخة جديدة</text>
    <text name="EditingEdition"> تحرير النسخة</text>
    <text name="DeletingEdition">حذف النسخة</text>
    <text name="ChangingFeatures"> تغيير المميزات</text>
    <text name="ResetSpecialFeatures">مسح المميزات الخاصة</text>
    <text name="ResetFeaturesTooltip">هذا الزر سيقوم على الفور بمسح المميزات للعميل. العميل سيملك المميزات المرتبطة بالنسخات المعينة من قبل.</text>
    <text name="NotAssigned">لم يعيّن</text>
    <text name="InvalidFeaturesWarning">واحد أو أكثر من قيم الميزة غير صحيح</text>
    <text name="Languages">اللغات</text>
    <text name="LanguagesHeaderInfo">إدارة لغات واجهة المستخدم</text>
    <text name="CreateNewLanguage">لغة جديدة</text>
    <text name="Code">رمز</text>
    <text name="CreatingNewLanguage">إنشاء لغة جديدة</text>
    <text name="EditingLanguage">تحرير الغة</text>
    <text name="DeletingLanguages">حذف اللغة</text>
    <text name="ChangingTexts">تغيير النصوص</text>
    <text name="SuccessfullySaved">تم الحـفظ بنجاح</text>
    <text name="Language">لغة</text>
    <text name="Flag">علم</text>
    <text name="SetAsDefaultLanguage">تعيين اللغة الافتراضية</text>
    <text name="InvlalidLanguageCode">رمز اللغة غير صحيح</text>
    <text name="EditLanguage">تحرير اللغة</text>
    <text name="ChangeTexts">تغيير النصوص</text>
    <text name="TargetValue">النص الهدف</text>
    <text name="BaseValue">النص الأساسي</text>
    <text name="Key">مفتاح</text>
    <text name="SaveAndClose">حـفظ وإغلاق</text>
    <text name="SaveAndNext">حـفظ و التالي</text>
    <text name="EditText">تحرير النص</text>
    <text name="LanguageTexts">نصوص اللغة</text>
    <text name="LanguageTextsHeaderInfo">تعديل نصوص الغات</text>
    <text name="EmptyOnes">الفارغة</text>
    <text name="Source">مصدر</text>
    <text name="BaseLanguage">اللغة الأساسية</text>
    <text name="TargetLanguage">اللغة الهدف</text>
    <text name="Previous">السابق</text>
    <text name="LanguageDeleteWarningMessage">هل أنت متأكد من حذف اللغة {0}</text>
    <text name="CanNotEditOrDeleteDefaultLanguages">لا يمكن تعديل أو حذف اللغات الافتراضية. يمكنك فقط تعديل أو حذف اللغات التي قمت بإضافتها. ولكن يمكنك تغيير نصوص جميع اللغات</text>
    <text name="LookingForMpaVersion"> البحث عن موقع متعدد الصفحات</text>
    <text name="LookingForSpaVersion"> البحث عن موقع ذو صفحة واحدة</text>
    <text name="ThisLanguageAlreadyExists" value="هذه اللغة موجودة مسبقا" />
    <text name="OrganizationUnits" value="الوحدات التنظيمية" />
    <text name="OrganizationUnitsHeaderInfo" value="استخدم الوحدات التنظيمية لتجميع المستخدمين و الكيانات" />
    <text name="OrganizationTree" value="الهيكل التنظيمي" />
    <text name="Members" value="الأعضاء" />
    <text name="SelectAnOrganizationUnitToSeeMembers" value="إختر وحدة تنظيمية لمعاينة الأعضاء" />
    <text name="OrganizationUnitDeleteWarningMessage" value="هل أنت متأكد من حذف الوحدة التنظيمية {0} ؟" />
    <text name="AddSubUnit" value="أضف وحدة ثانوية" />
    <text name="AddMember" value="أضف عضو" />
    <text name="SuccessfullyAdded" value="تمت الإضافة بنجاح." />
    <text name="RemoveUserFromOuWarningMessage" value="هل أنت متأكد من إزالة المستخدم {0} من الوحدة {1} ؟" />
    <text name="SuccessfullyRemoved" value="تمت الإزالة بنجاح." />
    <text name="SelectAnItem" value="إختر سجل" />
    <text name="NewOrganizationUnit" value="وحدة تنظيمية جديدة" />
    <text name="SelectAUser" value="إختر مستخدم" />
    <text name="Select" value="إختر" />
    <text name="UserIsAlreadyInTheOrganizationUnit" value="هذا المستخدم موجود في الوحدة التنظيمية !" />
    <text name="AddRootUnit" value="أضف وحدة جذرية" />
    <text name="AddUser" value="أضف مستخدم" />
    <text name="NoOrganizationUnitDefinedYet" value="لا توجد وحدات تنظيمية." />
    <text name="OrganizationUnitMoveConfirmMessage" value="هل أنت متأكد من نقل {0} الى {1} ؟" />
    <text name="Root" value="جذر" />
    <text name="SuccessfullyMoved" value="تم النقل بنجاح." />
    <text name="AddedTime" value="الإضافة" />
    <text name="ManagingMembers" value="إدارة الأعضاء" />
    <text name="ManagingOrganizationTree" value="إدارة الوحدات التنظيمية" />
    <text name="LoginForUsers" value="تسجيل دخول المستخدمين" />
    <text name="LoginAsThisUser" value="تسجيل الدخول كالمستخدم هذا" />
    <text name="BackToMyAccount" value="العودة لحسابي" />
    <text name="LoginForTenants" value="تسجيل دخول العملاء" />
    <text name="LoginAsThisTenant" value="تسجيل الدخول كالعميل هذا" />
    <text name="AuditLogImpersonatedOperationInfo" value="ملاحظة: يتم تنفيذ هذه العملية من قبل مستخدم آخر نيابة عن هذا المستخدم. " />
    <text name="CustomData" value="بيانات مخصصة" />
    <text name="None" value="لا شيء" />
    <text name="YouCanBackToYourAccount" value="يمكنك العودة لحسابك هنا." />
    <text name="CascadeImpersonationErrorMessage" value="لايمكن ثمتيل شخص آخر. لان تسجيل دخولك الحالي ممثّل من قبل مستخدم آخر." />
    <text name="FromTenantToHostImpersonationErrorMessage" value="لا يمكن تمثيل مستخدم النظام من مستخدم العميل." />
    <text name="DifferentTenantImpersonationErrorMessage" value="لا يمكن تمثيل مستخدم من عميل آخر!" />
    <text name="ImpersonationTokenErrorMessage" value="رمز التمثيل غير صالح أو منتهية صلاحيتة!" />
    <text name="NotImpersonatedLoginErrorMessage" value="هذا ليس تسجيل دخول ممثّل" />
    <text name="YouCannotLinkToSameAccount">لايمكن ربط نفس الحساب</text>
    <text name="ChangePasswordBeforeLinkToAnAccount">يجب تغيير كلمة المرور قبل ربط هذا الحساب</text>
    <text name="LinkedAccounts">حسابات مرتبطة</text>
    <text name="ManageAccounts">إدارة الحسابات</text>
    <text name="LinkNewAccount">ربط حساب</text>
    <text name="SuccessfullyUnlinked">تم إزالة الربط بنجاح.</text>
    <text name="LinkedUserDeleteWarningMessage">سيتم إزالة الربط بالمستخدم {0}</text>
    <text name="SwitchToLinkedAccountTokenErrorMessage" value="رمز التمثيل غير صالح أو منتهية صلاحيتة!" />
    <text name="WelcomeToTheApplicationNotificationMessage" value="أهلا و سهلا بك لنظام AbpZeroTemplate! للإخطارات. نظام الإخطارات يستخدم لإعلامك عن إخطارات من النظام أو المستخدمين . يمكنك إختيار نوع الإخطارات التي تريد أن تتلقاها من خلال إعادات الإخطارات." />
    <text name="NewUserRegisteredNotificationDefinition" value="عند إنشاء حساب مستخدم جديد بالنظام." />
    <text name="NewUserRegisteredNotificationMessage" value="تم إنشاء حساب جديد بالنظام. المستخدم: {userName}, البريد الالكتروني: {emailAddress}." />
    <text name="SeeAllNotifications" value="جميع الإخطارات" />
    <text name="SetAsRead" value="تعيين كمقروء" />
    <text name="SetAllAsRead" value="تعيين الكل مقروء" />
    <text name="NotificationSettings" value="إعدادات الإخطارات" />
    <text name="ReceiveNotifications" value="تلقي الإخطارات" />
    <text name="ReceiveNotifications_Definition" value="هذا الخيار يمكن استخدامة لتمكين / تعطيل الإخطارات." />
    <text name="NotificationTypes" value="أنواع الإخطارات" />
    <text name="ReceiveNotifications_DisableInfo" value="تلقي الإخطارات معطّل. عند تمكينه يمكنك تحديد أنواع الإخطارات التي تريد الحصول عليها." />
    <text name="Notifications" value="إخطارات" />
    <text name="ThereIsNoNotification" value="لاتوجد إخطارات." />
    <text name="Unread" value="غير مقروء" />
    <text name="YouCanNotDeleteOwnAccount" value="لا يمكنك حذف حسابك!" />
    <text name="On" value="ممكّن" />
    <text name="Off" value="معطّل" />
    <text name="Maintenance">الصيانة</text>
    <text name="Caches">ذاكرة التخزين المؤقت</text>
    <text name="CacheSuccessfullyCleared">تم مسح ذاكرة التخزين المؤقت بنجاح.</text>
    <text name="AllCachesSuccessfullyCleared">تم مسح كل ذاكرة التخزين المؤقت بنجاح.</text>
    <text name="ClearAll">مسح الكل</text>
    <text name="Clear">مسح</text>
    <text name="CachesHeaderInfo">بهذة الصفحة يمكنك مسح الذاكرة المؤقتة للنظام.</text>
    <text name="TestEmailSettingsHeader">تجربة إعدادات البريد الإلكتروني</text>
    <text name="SendTestEmail">تجربة إرسال بريد</text>
    <text name="TestEmail_Subject">تجربة بريد قالب أي بي بي زيرو</text>
    <text name="TestEmail_Body">هذا بريد للتجربة فقط.</text>
    <text name="TestEmailSentSuccessfully">تم إرسال بريد التجربة بنجاح.</text>
    <text name="WebSiteLogs">سجلات الموقع</text>
    <text name="WebSiteLogsHeaderInfo">يمكنك ان ترى كل السجلات في هذه الصفحة أو تحميل جميع السجلات في ملف مضغوط واحد.</text>
    <text name="DownloadAll">تحميل الكل</text>
    <text name="TenantManagement">إدارة العملاء</text>
    <text name="AllowTenantsToRegisterThemselves" value="السماح للعملاء بالتسجيل بالنظام." />
    <text name="AllowTenantsToRegisterThemselves_Hint" value="إذا قمت بتعطيل هذا, يمكن فقط إضافة العملاء من قبل المشرف من خلال صفحة إدارة العملاء." />
    <text name="NewRegisteredTenantsIsActiveByDefault" value="العملاء المسشتركين جديدا سيتم تفعيلهم إفتراضيا." />
    <text name="NewRegisteredTenantsIsActiveByDefault_Hint" value="إذا قمت بتعطيل هذا، العملاء الجدد لن يكونوا مفعلين (ولا يمكن تسجيل الدخول) حتى يقوم المشرف بتفعيل الحساب يدويا." />
    <text name="TenantSignUp">إشتراك العميل</text>
    <text name="NewTenantRegisteredNotificationDefinition" value="عند إشتراك عميل جديد بالنظام." />
    <text name="NewTenantRegisteredNotificationMessage" value="تم إشتراك عميل جديد بالنظام. إسم العميل : {tenancyName}." />
    <text name="LoginAttempts">محاولات الدخول</text>
    <text name="Failed">فشل</text>
    <text name="NewTenant">إشتراك العملاء</text>
    <text name="ResizedProfilePicture_Warn_SizeLimit" value="حجم الصورة بعد التصغير يجب أن يكون أقل من 100 كيلوبايت. قم بتصغير الصورة وحاول مرة اخرى." />
    <text name="RegisterFormUserNameInvalidMessage">من فضلك لاتدخل بريد إلكتروني كإسم مستخدم.</text>
    <text name="UseHostDatabase" value="إستخدم قاعدة بيانات المضيف" />
    <text name="DatabaseConnectionString" value="Database connection string" />
    <text name="TenantDatabaseConnectionStringChangeWarningMessage" value="ملاحظة: قبل تغيير طريقة إتصال قاعدة بيانات العميل, عليك نقل قاعدة بيانات العميل الى الوجهة الجديدة. تغيير طريقة الإتصال لاتنقل قاعدة بيانات العميل." />
    <text name="Timezone">منطقة زمنية</text>
    <text name="HasOwnDatabase">لديه قاعدة بيانات خاصة</text>
    <text name="TimeZoneSettingChangedRefreshPageNotification">تم تغيير إعدادات المنطقة الزمنية. انقر على زر موافق لتحديث الصفحة وسيتم تفعيل التغييرات.</text>
    <text name="Ok">موافق</text>
    <text name="Permission">إذونات</text>
    <text name="Role">دور</text>
    <text name="Security">الأمن</text>
    <text name="PasswordComplexity">تركيبه كلمة المرور</text>
    <text name="MinPasswordLength">الحد الأدنى لطول كلمة المرور</text>
    <text name="MaxPasswordLength">الحد الأقصى لطول كلمة المرور</text>
    <text name="UseNumbers">إستخدام الأرقام بكلمة المرور</text>
    <text name="UseUpperCaseLetters">إستخدام الحروف الكبيرة في كلمة المرور</text>
    <text name="UseLowerCaseLetters">إستخدام الحروف الصغيرة في كلمة المرور</text>
    <text name="UsePunctuations">إستخدام علامات الترقيم في كلمة المرور</text>
    <text name="UseDefaultSettings">إستخدام الإعدادات الإفتراضية</text>
    <text name="PasswordComplexityNotSatisfied">تركيبه كلمة المرور غير صالحه.</text>
    <text name="PasswordComplexity_MinLength_Hint">يجب أن تتكون كلمة المرور من {0} أحرف على الأقل</text>
    <text name="PasswordComplexity_MaxLength_Hint">يجب أن لا تزيد كلمة المرور على {0} أحرف</text>
    <text name="PasswordComplexity_UseNumbers_Hint">يجب أن تحتوي كلمة المرور على رقم</text>
    <text name="PasswordComplexity_UseUpperCaseLetters_Hint">يجب أن تحتوي كلمة المرور على حرف كبير</text>
    <text name="PasswordComplexity_UseLowerCaseLetters_Hint">يجب أن تحتوي كلمة المرور على حرف صغير</text>
    <text name="PasswordComplexity_UsePunctuations_Hint">يجب أن تحتوي كلمة المرور على حرف خاص</text>
    <text name="YouAlreadySentAFriendshipRequestToThisUser">سبق وأن أضفت هذا المستخدم.</text>
    <text name="YouCannotBeFriendWithYourself">لا يمكنك مصادقة حسابك.</text>
    <text name="NewChatMessageEmail_Title">تفاصيل الرسالة</text>
    <text name="NewChatMessageEmail_SubTitle"></text>
    <text name="NewChatMessageEmail_Subject">توجد رسالة جديدة</text>
    <text name="Sender">المرسل</text>
    <text name="Message">الرسالة</text>
    <text name="UserBlocked">تم حظر المستخدم بنجاح.</text>
    <text name="UserUnblocked">تم رفع الحظر من المستخدم بنجاح.</text>
    <text name="BlockUser">حظر</text>
    <text name="UnblockUser">رفع الحظر</text>
    <text name="FriendshipRequestAccepted">تم قبول طلب الإضافة</text>
    <text name="UserSendYouAFriendshipRequest">أضافك {0}</text>
    <text name="Friends">أصدقاء</text>
    <text name="Others">أخرون</text>
    <text name="BlockedUsers">محظورين</text>
    <text name="YouDontHaveAnyFriend">لا يوجد أحد. قم بكتابة إسم المسنخدم بالأعلى ثم إضغط زر الإضافة.</text>
    <text name="YouDontHaveAnyBlockedFriend">لا يوجد محظورين. للحظر, إختر المستخدم ثم قم بإختيار حظر من قائمة الإجراءات.</text>
    <text name="ChatUserSearch_Hint">
      <![CDATA[
       للمستخدمين من نفس العميل ,إكتب إسم المتسخدم فقط
  <br>
      <strong>[اسم العميل]\[اسم المستخدم]</strong> للمستخدمين من عملاء آخرين <br><br>
      مثال: <br>
      .\admin -> للمشرف العام المضيف <br>
      Test\admin -> للمشرف العميل Test <br>
      admin -> للمشرف المحلي
      ]]>
    </text>
    <text name="AddFriend">أضف</text>
    <text name="TypeAMessageHere">اكتب رسالتك هنا...</text>
    <text name="Chat">دردشة</text>
    <text name="ChatFeature">دردشة</text>
    <text name="ChatFeatureIsNotEnabledForSender">لم يتم تمكين الدردشة لك.</text>
    <text name="ChatFeatureIsNotEnabledForReceiver">لم يتم تمكين الدردشة للعميل.</text>
    <text name="UserIsBlocked">المستخدم محظور.</text>
    <text name="ChatIsNotConnectedWarning">غير متصل بالدردشة.</text>
    <text name="Demo_SampleChatMessage">مرحبا، هذه رسالة اختبار. الرجاء الدخول بحسابي في متصفح آخر وتحقق من كيفية عمل ميزة الدردشة .</text>
    <text name="TenantToTenantChatFeatureIsNotEnabledForSender">لم يتم تمكين الدردشة لك مع العملاء الآخرين.</text>
    <text name="TenantToTenantChatFeatureIsNotEnabledForReceiver">لم يتم تمكين الدردشة للعميل مع العملاء الآخرين.</text>
    <text name="TenantToHostChatFeatureIsNotEnabledForSender">لم يتم تمكين الدردشة لك مع المضيف.</text>
    <text name="TenantToHostChatFeatureIsNotEnabledForReceiver">لم يتم تمكين الدردشة للعميل مع المضيف.</text>
    <text name="TenantToTenantChatFeature">الدردشة مع العملاء الآخرين</text>
    <text name="TenantToHostChatFeature">الدردشة مع المضيف</text>
    <text name="FilterByPermission">تصفية حسب الاذونات</text>
    <text name="FilterByRole">تصفية حسب الدور</text>
    <text name="FilterOrAddUser">تصفية\إضافة مستخدم</text>
    <text name="HangfireDashboard" value="Hangfire dashboard" />
    <text name="TargetUserNotFoundProbablyDeleted">لم يتم العثور على المستخدم المطلوب. من المحتمل تم حذفه.</text>
    <text name="UserLockedOutMessage">تم قفل حساب المستخدم. الرجاء معاودة المحاولة في وقت لاحق.</text>
    <text name="SendSecurityCode">إرسال رمز الأمان.</text>
    <text name="SendSecurityCode_Information">يجب التحقق من حسابك للدخول. الرجاء اختيار نوع التحقق. سيتم إرسال رمز على حسب نوع التحقق المحدد.</text>
    <text name="SendSecurityCodeErrorMessage">تعذر إرسال رمز الأمان!</text>
    <text name="VerifySecurityCodeNotLoggedInErrorMessage">يجب عليك تسجيل الدخول أولا، من أجل التحقق من حسابك! على الأرجح، تم تسجيل الخروج التلقائي. يرجى التوجه إلى صفحة تسجيل الدخول وإعادة المحاولة.</text>
    <text name="VerificationCode">رمز التحقق</text>
    <text name="VerifySecurityCode">التحقق من رمز الأمان</text>
    <text name="VerifySecurityCode_Information">الرجاء إدخال رمز التحقق المرسل إليك.</text>
    <text name="RememberThisBrowser">تذكر هذا المتصفح</text>
    <text name="InvalidSecurityCode">رمز الأمان غير صالح!</text>
    <text name="PhoneNumber">رقم الهاتف</text>
    <text name="Unlock">فتح القفل</text>
    <text name="UnlockedTheUser">فتح قفل المستخدم {0}</text>
    <text name="UserLockOut">قفل المستخدم</text>
    <text name="EnableUserAccountLockingOnFailedLoginAttemts">تمكين تأمين محاولات الدخول الفاشلة</text>
    <text name="MaxFailedAccessAttemptsBeforeLockout">الحد الأقصى لعدد المحاولات الفاشلة لتسجيل الدخول قبل قفل الحساب</text>
    <text name="DefaultAccountLockoutDurationAsSeconds">مدة قفل الحساب ( بالثواني)</text>
    <text name="TwoFactorLogin">توثيق تسجيل الدخول ذو عاملين</text>
    <text name="EnableTwoFactorLogin">تمكين توثيق تسجيل الدخول ذو عاملين.</text>
    <text name="IsEmailVerificationEnabled">تمكين التوثيق عن طريق البريد الإلكتروني.</text>
    <text name="IsSmsVerificationEnabled">تمكين التوثيق عن طريق الرسائل الهاتفية - أس أم أس.</text>
    <text name="AllowToRememberBrowserForTwoFactorLogin">السماح بتذكر المتصفح. إذا تم تمكين هذه، يمكن للمستخدم اختيار تذكر المتصفح لتخطي التوثيق ذوعاملين عند تسجيل الدخول بنفس المتصفح للمرة الثانية.</text>
  </texts>
</localizationDictionary>